{   
    "POLTCHAGEIST": "https://i.postimg.cc/HkXBkZSv/Poltchageist.png",
    "SINISTCHA": "https://i.postimg.cc/nz0dtXdH/Sinistcha.png",
    "SINISTCHA-MASTERPIECE": "https://i.postimg.cc/nz0dtXdH/Sinistcha.png",
    "URSALUNA-BLOODMOON": "https://i.postimg.cc/nzR1P6zr/Ursaluna-Bloodmoon.png",
    "OKIDOGi": "https://i.postimg.cc/YS78G6Zr/Okidogi.png",
    "MUNKIDORI": "https://i.postimg.cc/bNGmKN1h/Munkidori.png",
    "FEZANDIPITI": "https://i.postimg.cc/855RMtHS/Fezandipiti.png",
    "OGERPON": "https://i.postimg.cc/02LVxRCJ/Ogerpon.png",
    "OGERPON-CORNERSTONE": "https://i.postimg.cc/GpP7q7GT/Ogerpon-Cornerstone.png",
    "OGERPON-HEARTHFLAME": "https://i.postimg.cc/K8MsgvYN/Ogerpon-Hearthflame.png",
    "OGERPON-WELLSPRING": "https://i.postimg.cc/TPvNjMLX/Ogerpon-Wellspring.png",
    "GROWLITHE-HISUI": "https://i.postimg.cc/qB1FP5Y8/Growlithe-Hisui.png",
    "ARCANINE-HISUI": "https://i.postimg.cc/htW168SL/Arcanine-Hisui.png",
    "VOLTORB-HISUI": "https://i.postimg.cc/JhQxbyCb/Voltorb-Hisui.png",
    "ELECTRODE-HISUI": "https://i.postimg.cc/52BSVH0Z/Electrode-Hisui.png",
    "TYPHLOSION-HISUI": "https://i.postimg.cc/cH4mTsdP/Typhlosion-Hisui.png",
    "QWILFISH-HISUI": "https://i.postimg.cc/j5s89H4g/Qwilfish-Hisui.png",
    "OVERQWIL": "https://i.postimg.cc/X7hzJynq/Overqwil-Hisui.png",
    "SNEASEL-HISUI": "https://i.postimg.cc/XN12HyGL/Sneasel-Hisui.png",
    "SAMUROTT-HISUI": "https://i.postimg.cc/HnNBVfDR/Samurott-Hisui.png",
    "LILLIGANT-HISUI": "https://i.postimg.cc/VL5hmFQ2/Lilligant-Hisui.png",
    "ZORUA-HISUI": "https://i.postimg.cc/15NKv7ZR/Zorua-Hisui.png",
    "ZOROARK-HISUI": "https://i.postimg.cc/qqWxky2d/Zoroark-Hisui.png",
    "BRAVIARY-HISUI": "https://i.postimg.cc/5yXmdnY3/Braviary-Hisui.png",
    "SLIGGOO-HISUI": "https://i.postimg.cc/yxxL6750/Sliggoo-Hisui.png",
    "GOODRA-HISUI": "https://i.postimg.cc/CKJCRWb7/Goodra-Hisui.png",
    "AVALUGG-HISUI": "https://i.postimg.cc/h4YrbW63/Avalugg-Hisui.png",
    "DECIDUEYE-HISUI": "https://i.postimg.cc/KYmrvZ34/Decidueye-Hisui.png",
    "ARCHALUDON": "https://i.postimg.cc/qR1ZH3qK/Archaludon.png",
    "HYDRAPPLE": "https://i.postimg.cc/8zv3fcX8/Hydrapple.png",
    "IRON BOULDER": "https://i.postimg.cc/g0qT45PN/Iron-Boulder.png",
    "IRON CROWN": "https://i.postimg.cc/X7G1tXbZ/Iron-Crown.png",
    "RAGING BOLT": "https://i.postimg.cc/m2JJrCwN/Raging-Bolt.png",
    "GOUGING FIRE": "https://i.postimg.cc/ZqhQ8mXW/Gouging-Fire.png",
    "TERAPAGOS": "https://i.postimg.cc/5yG76WwN/Terapagos.png",
    "TERAPAGOS-TERASTAL": "https://i.postimg.cc/PJNVX5vR/Terapagos-Terastal.png",
    "TERAPAGOS-STELLAR": "https://i.postimg.cc/mDL6nwLR/Terapagos-Stellar.png",
    "WALKING WAKE": "https://i.postimg.cc/DyQgcCLg/Walking-Wake.png",
    "IRON LEAVES": "https://i.postimg.cc/MpWY3yY8/Iron-Leaves.png",
    "SIRFETCH’D": "https://i.postimg.cc/pVQQkhDH/Sirfetchd.png",
    "ZYGARDE-10%": "https://i.postimg.cc/sDVYLjcZ/Zygarde-10p.png",
    "ZYGARDE-COMPLETE": "https://i.postimg.cc/cLCQsFPx/Zygarde-Complete.png",
    "GRENINJA-ASH": "https://i.postimg.cc/Pr2Wsg3V/Greninja-Ash.png",
    "GRENINJA-BOND": "https://i.postimg.cc/Pr2Wsg3V/Greninja-Ash.png",
    "PECHARUNT": "https://i.postimg.cc/pLwqZSwk/Pecharunt.png"
}



