{
    "Poltchageist": "https://archives.bulbagarden.net/media/upload/3/39/1012Poltchageist.png",
    "Sinistcha": "https://archives.bulbagarden.net/media/upload/9/98/HOME1013.png",
    "Sinistcha-Masterpiece": "https://archives.bulbagarden.net/media/upload/9/98/HOME1013.png",
    "Ursaluna-Bloodmoon": "https://archives.bulbagarden.net/media/upload/8/82/HOME0901B.png",
    "Okidogi": "https://archives.bulbagarden.net/media/upload/7/73/1014Okidogi.png",
    "Munkidori": "https://archives.bulbagarden.net/media/upload/e/e1/1015Munkidori.png",
    "Fezandipiti": "https://archives.bulbagarden.net/media/upload/c/cb/1016Fezandipiti.png",
    "Ogerpon": "https://archives.bulbagarden.net/media/upload/a/a5/1017Ogerpon.png",
    "Ogerpon-Cornerstone": "https://archives.bulbagarden.net/media/upload/c/cd/HOME1017C.png",
    "Ogerpon-Hearthflame": "https://archives.bulbagarden.net/media/upload/e/eb/HOME1017H.png",
    "Ogerpon-Wellspring": "https://archives.bulbagarden.net/media/upload/9/92/HOME1017W.png",
    "Growlithe-Hisui": "https://archives.bulbagarden.net/media/upload/3/3b/0058Growlithe-Hisui.png",
    "Arcanine-Hisui": "https://archives.bulbagarden.net/media/upload/7/79/0059Arcanine-Hisui.png",
    "Voltorb-Hisui": "https://archives.bulbagarden.net/media/upload/f/fc/0100Voltorb-Hisui.png",
    "Electrode-Hisui": "https://archives.bulbagarden.net/media/upload/b/be/0101Electrode-Hisui.png",
    "Typhlosion-Hisui": "https://archives.bulbagarden.net/media/upload/7/7c/0157Typhlosion-Hisui.png",
    "Qwilfish-Hisui": "https://archives.bulbagarden.net/media/upload/a/a5/0211Qwilfish-Hisui.png",
    "Overqwil-Hisui": "https://archives.bulbagarden.net/media/upload/0/02/0904Overqwil.png",
    "Sneasel-Hisui": "https://archives.bulbagarden.net/media/upload/9/90/0215Sneasel-Hisui.png",
    "Samurott-Hisui": "https://archives.bulbagarden.net/media/upload/2/2e/0503Samurott-Hisui.png",
    "Lilligant-Hisui": "https://archives.bulbagarden.net/media/upload/4/4c/0549Lilligant-Hisui.png",
    "Zorua-Hisui": "https://archives.bulbagarden.net/media/upload/e/e9/0570Zorua-Hisui.png",
    "Zoroark-Hisui": "https://archives.bulbagarden.net/media/upload/b/b2/0571Zoroark-Hisui.png",
    "Braviary-Hisui": "https://archives.bulbagarden.net/media/upload/e/e8/0628Braviary-Hisui.png",
    "Sliggoo-Hisui": "https://archives.bulbagarden.net/media/upload/4/4b/0705Sliggoo-Hisui.png",
    "Goodra-Hisui": "https://archives.bulbagarden.net/media/upload/b/b9/0706Goodra-Hisui.png",
    "Avalugg-Hisui": "https://archives.bulbagarden.net/media/upload/e/ef/0713Avalugg-Hisui.png",
    "Decidueye-Hisui": "https://archives.bulbagarden.net/media/upload/3/33/0724Decidueye-Hisui.png"
}


